data;mm
1921-01-01;0.0
1921-01-02;0.0
1921-01-03;0.0
1921-01-04;0.0
1921-01-05;3.3
1921-01-06;0.3
1921-01-07;0.2
1921-01-08;1.0
1921-01-09;3.1
1921-01-10;0.2
1921-01-11;0.6
1921-01-12;0.2
1921-01-13;3.0
1921-01-14;20.3
1921-01-15;1.0
1921-01-16;0.0
1921-01-17;0.0
1921-01-18;0.3
1921-01-19;0.0
1921-01-20;0.0
1921-01-21;0.2
1921-01-22;0.0
1921-01-23;0.0
1921-01-24;0.0
1921-01-25;0.0
1921-01-26;0.0
1921-01-27;1.5
1921-01-28;0.0
1921-01-29;0.0
1921-01-30;0.0
1921-01-31;1.3
1921-02-01;11.5
1921-02-02;9.0
1921-02-03;3.4
1921-02-04;2.1
1921-02-05;0.0
1921-02-06;7.9
1921-02-07;0.0
1921-02-08;31.3
1921-02-09;0.0
1921-02-10;0.0
1921-02-11;0.0
1921-02-12;0.0
1921-02-13;0.0
1921-02-14;0.0
1921-02-15;0.0
1921-02-16;0.0
1921-02-17;0.0
1921-02-18;0.0
1921-02-19;0.0
1921-02-20;0.0
1921-02-21;0.0
1921-02-22;0.0
1921-02-23;0.0
1921-02-24;0.0
1921-02-25;0.0
1921-02-26;0.0
1921-02-27;0.0
1921-02-28;0.0
1921-03-01;0.0
1921-03-02;0.0
1921-03-03;0.0
1921-03-04;0.0
1921-03-05;0.0
1921-03-06;0.0
1921-03-07;20.0
1921-03-08;0.0
1921-03-09;0.0
1921-03-10;0.0
1921-03-11;0.0
1921-03-12;0.0
1921-03-13;0.0
1921-03-14;0.0
1921-03-15;0.0
1921-03-16;0.0
1921-03-17;0.0
1921-03-18;0.0
1921-03-19;0.0
1921-03-20;0.0
1921-03-21;2.1
1921-03-22;4.0
1921-03-23;0.0
1921-03-24;0.0
1921-03-25;0.0
1921-03-26;0.0
1921-03-27;0.0
1921-03-28;1.4
1921-03-29;0.0
1921-03-30;1.0
1921-03-31;0.4
1921-04-01;0.0
1921-04-02;0.0
1921-04-03;0.0
1921-04-04;0.0
1921-04-05;0.0
1921-04-06;14.6
1921-04-07;0.6
1921-04-08;3.3
1921-04-09;6.7
1921-04-10;0.0
1921-04-11;0.0
1921-04-12;0.0
1921-04-13;0.0
1921-04-14;0.0
1921-04-15;9.5
1921-04-16;15.0
1921-04-17;35.5
1921-04-18;19.6
1921-04-19;4.3
1921-04-20;0.0
1921-04-21;0.0
1921-04-22;0.0
1921-04-23;0.0
1921-04-24;0.0
1921-04-25;0.0
1921-04-26;0.0
1921-04-27;0.5
1921-04-28;0.0
1921-04-29;4.1
1921-04-30;36.6
1921-05-01;6.9
1921-05-02;0.0
1921-05-03;0.0
1921-05-04;9.0
1921-05-05;8.6
1921-05-06;0.0
1921-05-07;0.0
1921-05-08;0.0
1921-05-09;0.0
1921-05-10;0.0
1921-05-11;0.0
1921-05-12;0.0
1921-05-13;0.0
1921-05-14;0.0
1921-05-15;0.0
1921-05-16;8.2
1921-05-17;5.7
1921-05-18;0.7
1921-05-19;6.6
1921-05-20;0.0
1921-05-21;5.6
1921-05-22;12.0
1921-05-23;14.3
1921-05-24;4.6
1921-05-25;0.0
1921-05-26;0.0
1921-05-27;4.6
1921-05-28;5.3
1921-05-29;17.4
1921-05-30;2.1
1921-05-31;15.5
1921-06-01;10.1
1921-06-02;4.4
1921-06-03;3.9
1921-06-04;4.1
1921-06-05;0.2
1921-06-06;0.7
1921-06-07;0.0
1921-06-08;0.0
1921-06-09;0.4
1921-06-10;0.0
1921-06-11;0.0
1921-06-12;0.0
1921-06-13;0.0
1921-06-14;0.8
1921-06-15;34.9
1921-06-16;0.0
1921-06-17;0.0
1921-06-18;0.0
1921-06-19;0.0
1921-06-20;17.4
1921-06-21;0.3
1921-06-22;0.0
1921-06-23;0.0
1921-06-24;0.0
1921-06-25;0.0
1921-06-26;0.0
1921-06-27;0.0
1921-06-28;0.0
1921-06-29;0.0
1921-06-30;0.0
1921-07-01;0.0
1921-07-02;0.0
1921-07-03;0.0
1921-07-04;0.4
1921-07-05;0.0
1921-07-06;0.0
1921-07-07;0.0
1921-07-08;0.0
1921-07-09;0.7
1921-07-10;6.3
1921-07-11;0.0
1921-07-12;0.0
1921-07-13;0.0
1921-07-14;0.0
1921-07-15;0.0
1921-07-16;0.0
1921-07-17;0.0
1921-07-18;0.0
1921-07-19;0.6
1921-07-20;0.0
1921-07-21;0.0
1921-07-22;0.0
1921-07-23;0.0
1921-07-24;0.0
1921-07-25;0.0
1921-07-26;0.0
1921-07-27;0.0
1921-07-28;0.0
1921-07-29;0.0
1921-07-30;0.0
1921-07-31;0.0
1921-08-01;0.0
1921-08-02;0.0
1921-08-03;0.0
1921-08-04;0.0
1921-08-05;0.0
1921-08-06;0.0
1921-08-07;0.0
1921-08-08;0.0
1921-08-09;0.0
1921-08-10;0.0
1921-08-11;0.0
1921-08-12;0.0
1921-08-13;38.8
1921-08-14;0.0
1921-08-15;0.0
1921-08-16;0.0
1921-08-17;0.0
1921-08-18;0.0
1921-08-19;0.0
1921-08-20;1.0
1921-08-21;0.0
1921-08-22;0.0
1921-08-23;0.3
1921-08-24;0.0
1921-08-25;0.0
1921-08-26;0.0
1921-08-27;0.0
1921-08-28;0.0
1921-08-29;0.0
1921-08-30;0.0
1921-08-31;0.0
1921-09-01;0.0
1921-09-02;0.0
1921-09-03;0.0
1921-09-04;0.0
1921-09-05;3.4
1921-09-06;0.0
1921-09-07;1.3
1921-09-08;0.0
1921-09-09;0.0
1921-09-10;0.0
1921-09-11;4.8
1921-09-12;0.0
1921-09-13;0.0
1921-09-14;0.0
1921-09-15;0.0
1921-09-16;0.0
1921-09-17;0.0
1921-09-18;0.0
1921-09-19;0.0
1921-09-20;0.0
1921-09-21;0.0
1921-09-22;0.0
1921-09-23;0.0
1921-09-24;0.0
1921-09-25;0.0
1921-09-26;0.0
1921-09-27;0.9
1921-09-28;4.0
1921-09-29;0.0
1921-09-30;0.0
1921-10-01;0.0
1921-10-02;0.0
1921-10-03;0.0
1921-10-04;0.0
1921-10-05;0.0
1921-10-06;0.0
1921-10-07;0.0
1921-10-08;0.0
1921-10-09;0.0
1921-10-10;0.0
1921-10-11;0.0
1921-10-12;0.0
1921-10-13;0.0
1921-10-14;0.0
1921-10-15;0.0
1921-10-16;0.0
1921-10-17;0.0
1921-10-18;0.0
1921-10-19;0.0
1921-10-20;0.0
1921-10-21;0.0
1921-10-22;0.0
1921-10-23;1.5
1921-10-24;47.4
1921-10-25;4.7
1921-10-26;0.0
1921-10-27;0.0
1921-10-28;0.0
1921-10-29;0.0
1921-10-30;0.0
1921-10-31;0.0
1921-11-01;0.0
1921-11-02;0.0
1921-11-03;0.0
1921-11-04;0.0
1921-11-05;19.1
1921-11-06;1.9
1921-11-07;4.5
1921-11-08;1.1
1921-11-09;9.8
1921-11-10;5.4
1921-11-11;1.3
1921-11-12;0.0
1921-11-13;0.0
1921-11-14;0.0
1921-11-15;0.0
1921-11-16;0.0
1921-11-17;0.7
1921-11-18;4.5
1921-11-19;0.0
1921-11-20;0.0
1921-11-21;0.0
1921-11-22;0.0
1921-11-23;0.0
1921-11-24;0.0
1921-11-25;0.0
1921-11-26;0.0
1921-11-27;0.0
1921-11-28;0.2
1921-11-29;0.0
1921-11-30;2.1
1921-12-01;0.0
1921-12-02;0.0
1921-12-03;0.0
1921-12-04;0.0
1921-12-05;0.0
1921-12-06;0.0
1921-12-07;0.0
1921-12-08;0.0
1921-12-09;0.0
1921-12-10;0.0
1921-12-11;0.0
1921-12-12;0.0
1921-12-13;0.0
1921-12-14;0.0
1921-12-15;0.0
1921-12-16;0.0
1921-12-17;0.0
1921-12-18;0.0
1921-12-19;0.0
1921-12-20;0.0
1921-12-21;10.9
1921-12-22;0.0
1921-12-23;0.0
1921-12-24;7.0
1921-12-25;12.0
1921-12-26;0.0
1921-12-27;0.0
1921-12-28;0.0
1921-12-29;0.0
1921-12-30;7.7
1921-12-31;4.0
1922-01-01;0.0
1922-01-02;0.0
1922-01-03;0.0
1922-01-04;0.0
1922-01-05;0.0
1922-01-06;0.0
1922-01-07;0.0
1922-01-08;0.0
1922-01-09;0.0
1922-01-10;2.6
1922-01-11;0.9
1922-01-12;0.7
1922-01-13;4.5
1922-01-14;0.7
1922-01-15;13.2
1922-01-16;14.3
1922-01-17;4.7
1922-01-18;0.2
1922-01-19;0.0
1922-01-20;0.0
1922-01-21;0.0
1922-01-22;0.0
1922-01-23;0.0
1922-01-24;0.0
1922-01-25;6.4
1922-01-26;0.9
1922-01-27;1.7
1922-01-28;1.3
1922-01-29;0.0
1922-01-30;10.0
1922-01-31;17.2
1922-02-01;28.1
1922-02-02;0.0
1922-02-03;0.0
1922-02-04;0.0
1922-02-05;0.0
1922-02-06;5.7
1922-02-07;0.2
1922-02-08;0.0
1922-02-09;0.0
1922-02-10;0.0
1922-02-11;0.0
1922-02-12;0.0
1922-02-13;0.0
1922-02-14;0.0
1922-02-15;9.7
1922-02-16;10.0
1922-02-17;0.0
1922-02-18;0.0
1922-02-19;23.2
1922-02-20;4.8
1922-02-21;0.0
1922-02-22;4.2
1922-02-23;0.3
1922-02-24;0.0
1922-02-25;0.0
1922-02-26;0.0
1922-02-27;0.0
1922-02-28;0.0
1922-03-01;1.8
1922-03-02;0.0
1922-03-03;0.0
1922-03-04;0.0
1922-03-05;0.0
1922-03-06;0.0
1922-03-07;0.0
1922-03-08;0.5
1922-03-09;0.0
1922-03-10;0.0
1922-03-11;0.0
1922-03-12;0.0
1922-03-13;0.0
1922-03-14;0.0
1922-03-15;0.7
1922-03-16;0.0
1922-03-17;0.3
1922-03-18;0.1
1922-03-19;0.0
1922-03-20;4.1
1922-03-21;15.4
1922-03-22;24.5
1922-03-23;3.0
1922-03-24;25.0
1922-03-25;27.1
1922-03-26;4.0
1922-03-27;20.3
1922-03-28;7.8
1922-03-29;18.2
1922-03-30;0.0
1922-03-31;0.0
1922-04-01;0.0
1922-04-02;0.0
1922-04-03;6.0
1922-04-04;0.4
1922-04-05;0.0
1922-04-06;0.0
1922-04-07;1.3
1922-04-08;4.1
1922-04-09;1.5
1922-04-10;11.7
1922-04-11;0.9
1922-04-12;0.6
1922-04-13;0.0
1922-04-14;0.0
1922-04-15;0.0
1922-04-16;0.0
1922-04-17;4.5
1922-04-18;7.3
1922-04-19;5.9
1922-04-20;0.0
1922-04-21;0.0
1922-04-22;3.2
1922-04-23;0.0
1922-04-24;0.9
1922-04-25;1.0
1922-04-26;0.7
1922-04-27;0.0
1922-04-28;0.0
1922-04-29;5.2
1922-04-30;0.0
1922-05-01;0.0
1922-05-02;4.9
1922-05-03;0.0
1922-05-04;0.0
1922-05-05;3.1
1922-05-06;0.0
1922-05-07;0.0
1922-05-08;1.5
1922-05-09;0.0
1922-05-10;0.0
1922-05-11;0.0
1922-05-12;0.0
1922-05-13;4.1
1922-05-14;0.2
1922-05-15;0.0
1922-05-16;0.0
1922-05-17;0.0
1922-05-18;0.0
1922-05-19;0.0
1922-05-20;0.0
1922-05-21;0.0
1922-05-22;0.0
1922-05-23;0.0
1922-05-24;0.0
1922-05-25;0.0
1922-05-26;0.0
1922-05-27;0.0
1922-05-28;0.0
1922-05-29;0.0
1922-05-30;0.0
1922-05-31;0.0
1922-06-01;0.0
1922-06-02;0.0
1922-06-03;0.0
1922-06-04;0.0
1922-06-05;0.0
1922-06-06;0.0
1922-06-07;0.0
1922-06-08;0.0
1922-06-09;0.0
1922-06-10;0.0
1922-06-11;0.2
1922-06-12;2.0
1922-06-13;18.9
1922-06-14;0.4
1922-06-15;0.0
1922-06-16;0.0
1922-06-17;0.0
1922-06-18;0.8
1922-06-19;18.6
1922-06-20;2.6
1922-06-21;0.0
1922-06-22;0.0
1922-06-23;0.0
1922-06-24;0.0
1922-06-25;0.0
1922-06-26;0.0
1922-06-27;0.0
1922-06-28;0.0
1922-06-29;0.0
1922-06-30;0.0
1922-07-01;0.0
1922-07-02;0.0
1922-07-03;0.0
1922-07-04;0.0
1922-07-05;0.0
1922-07-06;0.0
1922-07-07;0.0
1922-07-08;0.0
1922-07-09;0.0
1922-07-10;0.0
1922-07-11;0.0
1922-07-12;0.0
1922-07-13;0.0
1922-07-14;0.0
1922-07-15;0.0
1922-07-16;0.0
1922-07-17;0.0
1922-07-18;0.0
1922-07-19;0.0
1922-07-20;0.0
1922-07-21;0.5
1922-07-22;12.2
1922-07-23;0.0
1922-07-24;0.0
1922-07-25;0.0
1922-07-26;0.0
1922-07-27;0.0
1922-07-28;0.0
1922-07-29;0.0
1922-07-30;0.0
1922-07-31;0.0
1922-08-01;0.0
1922-08-02;0.0
1922-08-03;0.0
1922-08-04;0.0
1922-08-05;0.0
1922-08-06;0.0
1922-08-07;0.0
1922-08-08;0.0
1922-08-09;0.0
1922-08-10;0.0
1922-08-11;0.0
1922-08-12;0.0
1922-08-13;0.0
1922-08-14;0.0
1922-08-15;0.0
1922-08-16;0.0
1922-08-17;0.0
1922-08-18;0.0
1922-08-19;0.1
1922-08-20;0.0
1922-08-21;0.0
1922-08-22;0.0
1922-08-23;0.7
1922-08-24;0.0
1922-08-25;0.0
1922-08-26;0.0
1922-08-27;0.0
1922-08-28;0.0
1922-08-29;0.0
1922-08-30;3.6
1922-08-31;2.4
1922-09-01;2.7
1922-09-02;0.0
1922-09-03;20.1
1922-09-04;15.0
1922-09-05;3.6
1922-09-06;0.2
1922-09-07;5.7
1922-09-08;0.0
1922-09-09;7.2
1922-09-10;3.3
1922-09-11;4.8
1922-09-12;5.1
1922-09-13;10.2
1922-09-14;8.7
1922-09-15;0.0
1922-09-16;0.8
1922-09-17;1.0
1922-09-18;0.0
1922-09-19;0.0
1922-09-20;0.0
1922-09-21;0.0
1922-09-22;0.0
1922-09-23;0.0
1922-09-24;0.0
1922-09-25;0.0
1922-09-26;0.0
1922-09-27;0.0
1922-09-28;2.7
1922-09-29;3.1
1922-09-30;0.0
1922-10-01;0.0
1922-10-02;0.0
1922-10-03;0.0
1922-10-04;9.2
1922-10-05;8.5
1922-10-06;9.2
1922-10-07;19.0
1922-10-08;20.9
1922-10-09;7.3
1922-10-10;6.4
1922-10-11;5.1
1922-10-12;11.6
1922-10-13;0.0
1922-10-14;0.0
1922-10-15;2.3
1922-10-16;0.0
1922-10-17;7.7
1922-10-18;18.1
1922-10-19;17.4
1922-10-20;2.0
1922-10-21;8.0
1922-10-22;34.2
1922-10-23;22.2
1922-10-24;0.0
1922-10-25;18.5
1922-10-26;0.0
1922-10-27;0.0
1922-10-28;5.6
1922-10-29;70.1
1922-10-30;28.8
1922-10-31;2.4
1922-11-01;0.0
1922-11-02;0.9
1922-11-03;20.0
1922-11-04;14.1
1922-11-05;0.0
1922-11-06;0.0
1922-11-07;0.0
1922-11-08;0.0
1922-11-09;0.0
1922-11-10;0.0
1922-11-11;0.0
1922-11-12;0.0
1922-11-13;0.0
1922-11-14;0.0
1922-11-15;0.0
1922-11-16;0.0
1922-11-17;0.0
1922-11-18;0.0
1922-11-19;0.0
1922-11-20;0.0
1922-11-21;0.0
1922-11-22;0.0
1922-11-23;0.0
1922-11-24;0.0
1922-11-25;0.0
1922-11-26;0.0
1922-11-27;3.7
1922-11-28;0.0
1922-11-29;0.0
1922-11-30;0.0
1922-12-01;0.0
1922-12-02;9.2
1922-12-03;0.0
1922-12-04;0.0
1922-12-05;0.0
1922-12-06;0.0
1922-12-07;0.0
1922-12-08;0.0
1922-12-09;0.0
1922-12-10;0.0
1922-12-11;0.0
1922-12-12;0.0
1922-12-13;0.0
1922-12-14;0.0
1922-12-15;0.0
1922-12-16;0.0
1922-12-17;0.0
1922-12-18;20.0
1922-12-19;8.8
1922-12-20;5.0
1922-12-21;0.0
1922-12-22;0.0
1922-12-23;0.0
1922-12-24;0.0
1922-12-25;0.0
1922-12-26;0.0
1922-12-27;0.0
1922-12-28;0.0
1922-12-29;7.8
1922-12-30;10.1
1922-12-31;0.0
1923-01-01;7.9
1923-01-02;0.0
1923-01-03;0.0
1923-01-04;15.4
1923-01-05;8.9
1923-01-06;0.0
1923-01-07;18.1
1923-01-08;8.6
1923-01-09;5.2
1923-01-10;29.2
1923-01-11;0.0
1923-01-12;7.7
1923-01-13;19.6
1923-01-14;0.0
1923-01-15;0.0
1923-01-16;0.0
1923-01-17;0.0
1923-01-18;0.0
1923-01-19;0.0
1923-01-20;0.0
1923-01-21;0.0
1923-01-22;0.0
1923-01-23;0.0
1923-01-24;0.0
1923-01-25;0.0
1923-01-26;0.0
1923-01-27;0.0
1923-01-28;0.0
1923-01-29;0.0
1923-01-30;0.0
1923-01-31;0.0
1923-02-01;0.0
1923-02-02;0.7
1923-02-03;0.0
1923-02-04;7.3
1923-02-05;0.0
1923-02-06;8.6
1923-02-07;1.0
1923-02-08;0.0
1923-02-09;0.4
1923-02-10;10.7
1923-02-11;25.1
1923-02-12;0.0
1923-02-13;10.5
1923-02-14;17.0
1923-02-15;0.0
1923-02-16;8.0
1923-02-17;30.2
1923-02-18;22.9
1923-02-19;0.0
1923-02-20;10.3
1923-02-21;8.5
1923-02-22;0.0
1923-02-23;10.1
1923-02-24;2.3
1923-02-25;20.7
1923-02-26;16.0
1923-02-27;0.0
1923-02-28;15.1
1923-03-01;12.0
1923-03-02;2.9
1923-03-03;0.0
1923-03-04;7.1
1923-03-05;0.0
1923-03-06;1.3
1923-03-07;0.0
1923-03-08;10.1
1923-03-09;12.9
1923-03-10;0.0
1923-03-11;0.0
1923-03-12;0.0
1923-03-13;0.0
1923-03-14;0.0
1923-03-15;1.5
1923-03-16;0.0
1923-03-17;0.0
1923-03-18;0.0
1923-03-19;0.0
1923-03-20;0.0
1923-03-21;0.0
1923-03-22;0.0
1923-03-23;0.0
1923-03-24;0.0
1923-03-25;0.0
1923-03-26;0.0
1923-03-27;0.0
1923-03-28;0.0
1923-03-29;0.0
1923-03-30;0.0
1923-03-31;0.0
1923-04-01;0.0
1923-04-02;0.0
1923-04-03;0.0
1923-04-04;0.0
1923-04-05;0.0
1923-04-06;0.0
1923-04-07;7.2
1923-04-08;5.7
1923-04-09;14.0
1923-04-10;12.0
1923-04-11;0.9
1923-04-12;0.0
1923-04-13;7.2
1923-04-14;5.7
1923-04-15;15.1
1923-04-16;2.4
1923-04-17;2.0
1923-04-18;0.0
1923-04-19;0.0
1923-04-20;7.9
1923-04-21;9.7
1923-04-22;2.3
1923-04-23;0.0
1923-04-24;0.0
1923-04-25;5.1
1923-04-26;10.5
1923-04-27;9.4
1923-04-28;22.1
1923-04-29;21.6
1923-04-30;0.0
1923-05-01;0.0
1923-05-02;0.0
1923-05-03;0.0
1923-05-04;0.0
1923-05-05;0.0
1923-05-06;0.0
1923-05-07;0.0
1923-05-08;0.0
1923-05-09;0.0
1923-05-10;3.2
1923-05-11;4.8
1923-05-12;0.4
1923-05-13;0.0
1923-05-14;0.0
1923-05-15;0.0
1923-05-16;0.0
1923-05-17;10.5
1923-05-18;5.9
1923-05-19;0.0
1923-05-20;0.0
1923-05-21;0.6
1923-05-22;1.6
1923-05-23;3.4
1923-05-24;0.0
1923-05-25;9.0
1923-05-26;0.6
1923-05-27;3.7
1923-05-28;8.3
1923-05-29;1.5
1923-05-30;6.0
1923-05-31;0.0
1923-06-01;0.0
1923-06-02;0.0
1923-06-03;0.0
1923-06-04;0.0
1923-06-05;0.0
1923-06-06;0.2
1923-06-07;0.0
1923-06-08;0.0
1923-06-09;0.0
1923-06-10;0.7
1923-06-11;0.0
1923-06-12;0.0
1923-06-13;0.0
1923-06-14;0.0
1923-06-15;0.0
1923-06-16;0.0
1923-06-17;1.7
1923-06-18;0.0
1923-06-19;0.0
1923-06-20;7.2
1923-06-21;2.1
1923-06-22;0.0
1923-06-23;0.0
1923-06-24;0.0
1923-06-25;0.0
1923-06-26;0.0
1923-06-27;0.0
1923-06-28;0.0
1923-06-29;9.8
1923-06-30;0.0
1923-07-01;0.0
1923-07-02;0.0
1923-07-03;0.0
1923-07-04;0.0
1923-07-05;0.0
1923-07-06;0.0
1923-07-07;0.0
1923-07-08;0.0
1923-07-09;0.0
1923-07-10;0.0
1923-07-11;0.0
1923-07-12;0.0
1923-07-13;0.0
1923-07-14;0.0
1923-07-15;0.0
1923-07-16;0.0
1923-07-17;0.0
1923-07-18;0.0
1923-07-19;0.0
1923-07-20;0.0
1923-07-21;0.0
1923-07-22;0.0
1923-07-23;1.9
1923-07-24;0.0
1923-07-25;0.0
1923-07-26;0.0
1923-07-27;0.0
1923-07-28;0.0
1923-07-29;0.0
1923-07-30;0.0
1923-07-31;0.0
1923-08-01;0.0
1923-08-02;0.0
1923-08-03;0.0
1923-08-04;0.0
1923-08-05;0.0
1923-08-06;0.0
1923-08-07;0.0
1923-08-08;0.0
1923-08-09;0.0
1923-08-10;0.0
1923-08-11;0.0
1923-08-12;0.0
1923-08-13;0.0
1923-08-14;0.0
1923-08-15;0.0
1923-08-16;0.0
1923-08-17;1.5
1923-08-18;0.0
1923-08-19;0.0
1923-08-20;0.0
1923-08-21;0.0
1923-08-22;0.0
1923-08-23;0.0
1923-08-24;0.0
1923-08-25;35.5
1923-08-26;0.0
1923-08-27;0.0
1923-08-28;0.0
1923-08-29;0.0
1923-08-30;0.0
1923-08-31;0.0
1923-09-01;0.0
1923-09-02;0.0
1923-09-03;0.9
1923-09-04;0.0
1923-09-05;1.1
1923-09-06;0.0
1923-09-07;0.0
1923-09-08;0.0
1923-09-09;0.0
1923-09-10;0.0
1923-09-11;2.5
1923-09-12;5.4
1923-09-13;0.0
1923-09-14;0.0
1923-09-15;11.0
1923-09-16;9.1
1923-09-17;10.8
1923-09-18;5.2
1923-09-19;2.7
1923-09-20;0.0
1923-09-21;0.0
1923-09-22;0.0
1923-09-23;0.0
1923-09-24;0.0
1923-09-25;0.0
1923-09-26;0.0
1923-09-27;0.0
1923-09-28;0.0
1923-09-29;0.0
1923-09-30;0.0
1923-10-01;0.0
1923-10-02;0.0
1923-10-03;0.0
1923-10-04;0.0
1923-10-05;9.1
1923-10-06;10.0
1923-10-07;0.0
1923-10-08;0.0
1923-10-09;0.0
1923-10-10;0.0
1923-10-11;0.0
1923-10-12;0.0
1923-10-13;0.0
1923-10-14;1.9
1923-10-15;40.4
1923-10-16;0.0
1923-10-17;0.0
1923-10-18;0.0
1923-10-19;0.0
1923-10-20;0.0
1923-10-21;0.0
1923-10-22;0.0
1923-10-23;0.0
1923-10-24;15.1
1923-10-25;0.0
1923-10-26;0.0
1923-10-27;0.0
1923-10-28;13.6
1923-10-29;0.0
1923-10-30;0.0
1923-10-31;0.0
1923-11-01;0.0
1923-11-02;0.0
1923-11-03;0.0
1923-11-04;0.0
1923-11-05;0.0
1923-11-06;0.0
1923-11-07;0.0
1923-11-08;7.3
1923-11-09;3.8
1923-11-10;0.0
1923-11-11;9.1
1923-11-12;0.0
1923-11-13;0.0
1923-11-14;6.2
1923-11-15;6.1
1923-11-16;0.0
1923-11-17;0.0
1923-11-18;0.9
1923-11-19;0.0
1923-11-20;9.1
1923-11-21;0.0
1923-11-22;9.8
1923-11-23;1.2
1923-11-24;3.1
1923-11-25;0.0
1923-11-26;1.8
1923-11-27;0.0
1923-11-28;2.3
1923-11-29;0.0
1923-11-30;8.7
1923-12-01;6.9
1923-12-02;25.7
1923-12-03;12.0
1923-12-04;29.6
1923-12-05;18.6
1923-12-06;28.2
1923-12-07;13.1
1923-12-08;6.7
1923-12-09;0.0
1923-12-10;0.0
1923-12-11;0.0
1923-12-12;0.0
1923-12-13;0.0
1923-12-14;0.0
1923-12-15;0.0
1923-12-16;8.2
1923-12-17;12.0
1923-12-18;14.3
1923-12-19;4.6
1923-12-20;5.6
1923-12-21;0.0
1923-12-22;12.0
1923-12-23;11.4
1923-12-24;4.1
1923-12-25;5.7
1923-12-26;0.0
1923-12-27;1.6
1923-12-28;9.0
1923-12-29;12.2
1923-12-30;15.3
1923-12-31;0.0
1924-01-01;0.0
1924-01-02;0.0
1924-01-03;9.6
1924-01-04;6.6
1924-01-05;3.5
1924-01-06;0.0
1924-01-07;0.0
1924-01-08;1.9
1924-01-09;6.1
1924-01-10;9.1
1924-01-11;0.0
1924-01-12;0.0
1924-01-13;0.0
1924-01-14;0.0
1924-01-15;0.0
1924-01-16;3.2
1924-01-17;2.9
1924-01-18;0.0
1924-01-19;0.0
1924-01-20;9.1
1924-01-21;4.2
1924-01-22;0.0
1924-01-23;0.0
1924-01-24;0.0
1924-01-25;0.0
1924-01-26;0.0
1924-01-27;2.8
1924-01-28;8.0
1924-01-29;0.0
1924-01-30;0.0
1924-01-31;0.8
1924-02-01;12.9
1924-02-02;0.0
1924-02-03;0.0
1924-02-04;9.1
1924-02-05;0.0
1924-02-06;1.7
1924-02-07;0.0
1924-02-08;3.2
1924-02-09;0.0
1924-02-10;2.4
1924-02-11;9.4
1924-02-12;0.0
1924-02-13;0.0
1924-02-14;4.1
1924-02-15;1.8
1924-02-16;8.2
1924-02-17;0.0
1924-02-18;0.0
1924-02-19;3.7
1924-02-20;0.0
1924-02-21;0.0
1924-02-22;0.0
1924-02-23;2.9
1924-02-24;9.2
1924-02-25;1.3
1924-02-26;0.7
1924-02-27;2.7
1924-02-28;8.0
1924-02-29;0.0
1924-03-01;0.0
1924-03-02;3.9
1924-03-03;0.0
1924-03-04;9.0
1924-03-05;5.2
1924-03-06;2.7
1924-03-07;7.2
1924-03-08;0.0
1924-03-09;4.1
1924-03-10;0.0
1924-03-11;10.1
1924-03-12;1.7
1924-03-13;3.1
1924-03-14;0.0
1924-03-15;9.6
1924-03-16;0.0
1924-03-17;6.2
1924-03-18;3.6
1924-03-19;0.0
1924-03-20;4.9
1924-03-21;11.1
1924-03-22;1.3
1924-03-23;0.9
1924-03-24;0.0
1924-03-25;3.1
1924-03-26;7.2
1924-03-27;2.5
1924-03-28;2.8
1924-03-29;8.3
1924-03-30;1.2
1924-03-31;2.0
1924-04-01;7.1
1924-04-02;6.5
1924-04-03;5.7
1924-04-04;0.0
1924-04-05;0.0
1924-04-06;1.5
1924-04-07;0.0
1924-04-08;0.0
1924-04-09;6.5
1924-04-10;1.7
1924-04-11;0.9
1924-04-12;3.2
1924-04-13;9.3
1924-04-14;0.0
1924-04-15;7.9
1924-04-16;0.0
1924-04-17;8.2
1924-04-18;0.0
1924-04-19;6.9
1924-04-20;5.4
1924-04-21;3.9
1924-04-22;0.0
1924-04-23;4.7
1924-04-24;1.7
1924-04-25;2.9
1924-04-26;0.0
1924-04-27;8.1
1924-04-28;1.6
1924-04-29;6.2
1924-04-30;2.7
1924-05-01;0.7
1924-05-02;0.0
1924-05-03;1.5
1924-05-04;0.0
1924-05-05;6.1
1924-05-06;5.7
1924-05-07;0.0
1924-05-08;0.5
1924-05-09;0.0
1924-05-10;0.2
1924-05-11;0.0
1924-05-12;0.0
1924-05-13;1.5
1924-05-14;6.7
1924-05-15;0.6
1924-05-16;0.0
1924-05-17;0.0
1924-05-18;6.1
1924-05-19;1.2
1924-05-20;0.0
1924-05-21;1.6
1924-05-22;0.0
1924-05-23;0.0
1924-05-24;2.1
1924-05-25;0.2
1924-05-26;0.0
1924-05-27;0.0
1924-05-28;0.0
1924-05-29;0.7
1924-05-30;0.0
1924-05-31;0.8
1924-06-01;0.6
1924-06-02;1.2
1924-06-03;0.0
1924-06-04;0.0
1924-06-05;6.2
1924-06-06;0.0
1924-06-07;0.0
1924-06-08;2.1
1924-06-09;0.0
1924-06-10;0.7
1924-06-11;2.7
1924-06-12;0.0
1924-06-13;0.0
1924-06-14;5.1
1924-06-15;0.0
1924-06-16;2.9
1924-06-17;0.0
1924-06-18;0.0
1924-06-19;0.0
1924-06-20;9.0
1924-06-21;0.0
1924-06-22;0.9
1924-06-23;0.0
1924-06-24;7.0
1924-06-25;0.2
1924-06-26;0.0
1924-06-27;2.6
1924-06-28;0.0
1924-06-29;0.0
1924-06-30;7.8
1924-07-01;0.0
1924-07-02;0.0
1924-07-03;0.0
1924-07-04;0.0
1924-07-05;0.0
1924-07-06;0.0
1924-07-07;0.0
1924-07-08;0.0
1924-07-09;0.0
1924-07-10;0.0
1924-07-11;0.0
1924-07-12;0.0
1924-07-13;0.0
1924-07-14;0.0
1924-07-15;0.0
1924-07-16;0.0
1924-07-17;0.0
1924-07-18;0.0
1924-07-19;0.0
1924-07-20;0.0
1924-07-21;1.8
1924-07-22;0.0
1924-07-23;0.0
1924-07-24;0.0
1924-07-25;1.9
1924-07-26;0.0
1924-07-27;0.0
1924-07-28;6.9
1924-07-29;0.0
1924-07-30;11.1
1924-07-31;7.4
1924-08-01;0.7
1924-08-02;0.0
1924-08-03;1.3
1924-08-04;3.7
1924-08-05;0.0
1924-08-06;4.2
1924-08-07;0.0
1924-08-08;0.0
1924-08-09;0.0
1924-08-10;0.0
1924-08-11;0.0
1924-08-12;2.2
1924-08-13;0.8
1924-08-14;0.0
1924-08-15;3.1
1924-08-16;5.6
1924-08-17;6.0
1924-08-18;0.0
1924-08-19;0.0
1924-08-20;0.9
1924-08-21;2.7
1924-08-22;0.0
1924-08-23;0.0
1924-08-24;0.0
1924-08-25;0.0
1924-08-26;5.1
1924-08-27;3.9
1924-08-28;4.8
1924-08-29;2.1
1924-08-30;0.0
1924-08-31;0.0
1924-09-01;0.8
1924-09-02;0.0
1924-09-03;0.0
1924-09-04;1.7
1924-09-05;0.0
1924-09-06;3.1
1924-09-07;0.0
1924-09-08;0.0
1924-09-09;4.2
1924-09-10;0.0
1924-09-11;3.1
1924-09-12;0.9
1924-09-13;1.2
1924-09-14;0.0
1924-09-15;0.0
1924-09-16;0.0
1924-09-17;8.2
1924-09-18;0.0
1924-09-19;0.0
1924-09-20;7.8
1924-09-21;0.0
1924-09-22;0.0
1924-09-23;2.1
1924-09-24;8.2
1924-09-25;2.6
1924-09-26;0.0
1924-09-27;1.1
1924-09-28;0.0
1924-09-29;1.9
1924-09-30;0.0
1924-10-01;2.9
1924-10-02;0.0
1924-10-03;0.0
1924-10-04;3.7
1924-10-05;0.0
1924-10-06;1.6
1924-10-07;0.0
1924-10-08;0.0
1924-10-09;0.0
1924-10-10;3.2
1924-10-11;0.0
1924-10-12;0.0
1924-10-13;1.9
1924-10-14;0.0
1924-10-15;0.0
1924-10-16;9.2
1924-10-17;0.0
1924-10-18;2.1
1924-10-19;0.0
1924-10-20;1.7
1924-10-21;0.0
1924-10-22;3.1
1924-10-23;0.0
1924-10-24;0.0
1924-10-25;1.6
1924-10-26;0.0
1924-10-27;2.7
1924-10-28;0.0
1924-10-29;7.1
1924-10-30;0.0
1924-10-31;4.2
1924-11-01;0.0
1924-11-02;0.2
1924-11-03;0.0
1924-11-04;0.0
1924-11-05;1.3
1924-11-06;0.0
1924-11-07;0.0
1924-11-08;2.7
1924-11-09;0.0
1924-11-10;2.5
1924-11-11;0.0
1924-11-12;0.0
1924-11-13;0.0
1924-11-14;1.6
1924-11-15;0.0
1924-11-16;2.1
1924-11-17;0.0
1924-11-18;1.9
1924-11-19;0.0
1924-11-20;0.0
1924-11-21;0.0
1924-11-22;0.0
1924-11-23;3.1
1924-11-24;0.0
1924-11-25;1.5
1924-11-26;0.0
1924-11-27;0.0
1924-11-28;2.7
1924-11-29;0.0
1924-11-30;2.5
1924-12-01;1.7
1924-12-02;0.0
1924-12-03;0.0
1924-12-04;0.9
1924-12-05;0.0
1924-12-06;0.5
1924-12-07;1.9
1924-12-08;0.0
1924-12-09;0.0
1924-12-10;0.7
1924-12-11;0.2
1924-12-12;0.0
1924-12-13;0.0
1924-12-14;0.0
1924-12-15;0.6
1924-12-16;0.0
1924-12-17;0.0
1924-12-18;0.0
1924-12-19;1.2
1924-12-20;2.6
1924-12-21;0.0
1924-12-22;0.0
1924-12-23;0.0
1924-12-24;0.4
1924-12-25;2.5
1924-12-26;0.0
1924-12-27;0.0
1924-12-28;0.3
1924-12-29;0.0
1924-12-30;0.8
1924-12-31;0.7
1925-01-01;2.7
1925-01-02;1.8
1925-01-03;3.5
1925-01-04;0.0
1925-01-05;1.6
1925-01-06;0.0
1925-01-07;0.0
1925-01-08;0.0
1925-01-09;0.0
1925-01-10;0.0
1925-01-11;1.7
1925-01-12;0.6
1925-01-13;0.0
1925-01-14;0.0
1925-01-15;5.1
1925-01-16;0.0
1925-01-17;2.6
1925-01-18;0.0
1925-01-19;1.9
1925-01-20;1.7
1925-01-21;0.0
1925-01-22;0.0
1925-01-23;0.0
1925-01-24;3.1
1925-01-25;2.5
1925-01-26;0.0
1925-01-27;1.6
1925-01-28;3.7
1925-01-29;0.0
1925-01-30;0.0
1925-01-31;1.9
1925-03-01;12.0
1925-03-02;8.0
1925-03-03;0.0
1925-03-04;0.0
1925-03-05;0.0
1925-03-06;0.0
1925-03-07;0.0
1925-03-08;2.9
1925-03-09;0.0
1925-03-10;0.0
1925-03-11;0.0
1925-03-12;0.0
1925-03-13;0.0
1925-03-14;0.0
1925-03-15;0.0
1925-03-16;0.0
1925-03-17;0.0
1925-03-18;0.0
1925-03-19;0.0
1925-03-20;0.0
1925-03-21;2.1
1925-03-22;4.0
1925-03-23;0.0
1925-03-24;0.0
1925-03-25;0.0
1925-03-26;0.0
1925-03-27;0.0
1925-03-28;1.4
1925-03-29;0.0
1925-03-30;0.4
1925-03-31;1.0
1925-04-01;0.0
1925-04-02;0.0
1925-04-03;4.6
1925-04-04;10.6
1925-04-05;0.0
1925-04-06;0.0
1925-04-07;0.0
1925-04-08;18.8
1925-04-09;6.7
1925-04-10;0.0
1925-04-11;0.0
1925-04-12;0.0
1925-04-13;0.0
1925-04-14;0.0
1925-04-15;0.0
1925-04-16;10.5
1925-04-17;10.0
1925-04-18;6.0
1925-04-19;9.0
1925-04-20;0.0
1925-04-21;0.0
1925-04-22;0.0
1925-04-23;0.0
1925-04-24;0.0
1925-04-25;23.9
1925-04-26;20.0
1925-04-27;16.0
1925-04-28;4.7
1925-04-29;0.0
1925-04-30;0.5
1925-05-01;0.0
1925-05-02;0.0
1925-05-03;0.0
1925-05-04;0.0
1925-05-05;2.0
1925-05-06;0.0
1925-05-07;0.0
1925-05-08;0.0
1925-05-09;0.9
1925-05-10;0.6
1925-05-11;0.0
1925-05-12;0.0
1925-05-13;0.0
1925-05-14;0.0
1925-05-15;10.0
1925-05-16;0.0
1925-05-17;4.9
1925-05-18;0.0
1925-05-19;0.0
1925-05-20;0.0
1925-05-21;11.0
1925-05-22;9.3
1925-05-23;0.7
1925-05-24;0.6
1925-05-25;0.5
1925-05-26;0.0
1925-05-27;0.0
1925-05-28;0.0
1925-05-29;0.0
1925-05-30;0.0
1925-05-31;0.0
1925-06-01;0.0
1925-06-02;0.7
1925-06-03;3.6
1925-06-04;0.0
1925-06-05;0.0
1925-06-06;0.0
1925-06-07;0.0
1925-06-08;1.9
1925-06-09;0.9
1925-06-10;0.0
1925-06-11;0.0
1925-06-12;0.0
1925-06-13;0.0
1925-06-14;0.0
1925-06-15;0.0
1925-06-16;0.0
1925-06-17;0.0
1925-06-18;1.6
1925-06-19;1.0
1925-06-20;0.0
1925-06-21;1.3
1925-06-22;1.7
1925-06-23;0.0
1925-06-24;1.0
1925-06-25;0.0
1925-06-26;2.7
1925-06-27;0.0
1925-06-28;3.0
1925-06-29;0.0
1925-06-30;1.3
1925-09-01;0.0
1925-09-02;0.0
1925-09-03;0.0
1925-09-04;0.0
1925-09-05;0.0
1925-09-06;0.0
1925-09-07;0.0
1925-09-08;0.0
1925-09-09;0.0
1925-09-10;0.0
1925-09-11;0.0
1925-09-12;0.0
1925-09-13;0.0
1925-09-14;0.0
1925-09-15;0.0
1925-09-16;0.0
1925-09-17;0.0
1925-09-18;0.0
1925-09-19;0.0
1925-09-20;0.0
1925-09-21;0.0
1925-09-22;0.0
1925-09-23;0.0
1925-09-24;0.0
1925-09-25;0.0
1925-09-26;0.0
1925-09-27;0.0
1925-09-28;0.0
1925-09-29;0.0
1925-09-30;0.0
1925-10-01;0.0
1925-10-02;0.0
1925-10-03;0.0
1925-10-04;0.0
1925-10-05;0.0
1925-10-06;0.0
1925-10-07;0.0
1925-10-08;0.0
1925-10-09;0.0
1925-10-10;0.0
1925-10-11;0.0
1925-10-12;0.0
1925-10-13;0.0
1925-10-14;0.0
1925-10-15;0.0
1925-10-16;0.0
1925-10-17;0.0
1925-10-18;0.0
1925-10-19;0.0
1925-10-20;0.0
1925-10-21;0.0
1925-10-22;0.0
1925-10-23;0.0
1925-10-24;0.0
1925-10-25;0.0
1925-10-26;0.0
1925-10-27;0.0
1925-10-28;0.0
1925-10-29;0.0
1925-10-30;0.0
1925-10-31;0.0
1925-11-01;0.0
1925-11-02;0.0
1925-11-03;0.0
1925-11-04;0.0
1925-11-05;0.0
1925-11-06;0.0
1925-11-07;0.0
1925-11-08;0.0
1925-11-09;0.0
1925-11-10;0.0
1925-11-11;0.0
1925-11-12;0.0
1925-11-13;0.0
1925-11-14;0.0
1925-11-15;0.0
1925-11-16;0.0
1925-11-17;0.0
1925-11-18;0.0
1925-11-19;0.0
1925-11-20;0.0
1925-11-21;0.0
1925-11-22;0.0
1925-11-23;0.0
1925-11-24;0.0
1925-11-25;0.0
1925-11-26;0.0
1925-11-27;0.0
1925-11-28;0.0
1925-11-29;0.0
1925-11-30;0.0
1925-12-01;0.0
1925-12-02;0.0
1925-12-03;0.0
1925-12-04;0.0
1925-12-05;0.0
1925-12-06;0.0
1925-12-07;0.0
1925-12-08;0.0
1925-12-09;0.0
1925-12-10;0.0
1925-12-11;0.0
1925-12-12;0.0
1925-12-13;0.0
1925-12-14;0.0
1925-12-15;0.0
1925-12-16;0.0
1925-12-17;0.0
1925-12-18;0.0
1925-12-19;0.0
1925-12-20;0.0
1925-12-21;0.0
1925-12-22;0.0
1925-12-23;0.0
1925-12-24;0.0
1925-12-25;0.0
1925-12-26;0.0
1925-12-27;0.0
1925-12-28;0.0
1925-12-29;0.0
1925-12-30;0.0
1925-12-31;0.0
