anno,tmedia,pioggia,gen_tmedia,feb_tmedia,mar_tmedia,apr_tmedia,mag_tmedia,giu_tmedia,lug_tmedia,ago_tmedia,set_tmedia,ott_tmedia,nov_tmedia,dic_tmedia,gen_pioggia,feb_pioggia,mar_pioggia,apr_pioggia,mag_pioggia,giu_pioggia,lug_pioggia,ago_pioggia,set_pioggia,ott_pioggia,nov_pioggia,dic_pioggia
1872,12.4,2909.0,2.3,4.8,8.1,13.6,14.0,20.0,23.2,21.0,19.1,11.6,6.8,4.7,120.0,52.1,99.0,245.5,502.7,151.4,106.5,89.3,22.0,859.9,164.5,496.1
1873,13.1,1455.6,3.7,4.2,10.1,12.3,16.7,20.3,23.8,23.1,17.8,13.6,7.4,4.1,46.2,88.5,159.7,155.9,73.2,53.0,124.2,75.0,77.4,377.6,224.9,0.0
1874,12.5,1102.4,2.6,4.0,8.8,14.1,14.4,20.7,24.0,21.0,19.0,13.2,5.8,2.4,11.7,29.0,22.9,282.7,37.4,241.3,120.3,88.9,83.4,97.3,38.9,48.6
1875,12.3,926.2,3.0,2.1,6.4,12.6,19.0,20.2,20.8,22.8,19.2,12.7,6.8,2.4,21.1,56.2,11.2,88.7,60.0,221.4,191.5,67.3,34.4,123.8,40.9,9.7
1876,12.5,1387.1,2.3,5.2,8.6,12.1,14.9,19.9,23.3,22.4,17.0,14.8,5.4,4.1,198.7,2.2,210.2,374.7,111.9,148.8,0.0,96.9,0.0,121.8,32.4,89.5
1877,12.3,1197.0,4.3,6.7,5.4,12.2,14.5,22.2,21.5,23.3,17.6,10.9,7.4,2.2,76.0,10.5,278.4,135.4,230.2,45.8,110.1,46.7,36.4,44.6,118.3,64.6
1878,12.0,1318.0,2.4,5.6,8.5,11.8,17.1,19.2,22.3,20.5,18.7,12.6,4.5,1.0,10.5,3.5,90.4,113.9,151.4,104.1,58.7,105.2,172.3,216.8,286.7,4.5
1879,11.2,1453.1,2.2,4.9,8.9,9.4,12.4,19.5,20.4,23.2,18.0,12.3,5.0,-1.3,113.2,51.4,69.9,407.3,380.3,37.8,98.2,50.3,133.6,3.1,103.5,4.5
1880,12.3,1033.0,-0.6,4.9,10.1,11.7,15.6,17.6,23.0,20.7,18.3,13.3,6.7,6.7,1.5,29.1,12.6,114.2,80.0,201.6,89.0,140.9,74.6,140.1,132.6,16.8
1881,12.3,1372.0,0.8,5.4,10.3,12.1,16.2,19.7,24.9,22.9,15.7,9.6,6.9,3.1,150.5,7.8,14.7,181.1,121.4,66.0,23.7,175.2,221.1,79.4,190.4,140.7
1882,12.4,1708.7,4.9,5.8,10.8,11.8,15.7,19.9,21.6,21.0,14.6,12.1,6.6,4.1,21.0,23.0,48.8,150.6,226.8,110.5,102.7,47.8,479.2,333.9,9.7,154.7
1883,11.4,1071.2,2.9,6.5,4.7,11.6,15.9,18.4,20.2,21.0,16.4,11.3,6.1,2.0,230.6,44.7,67.4,117.3,190.6,139.1,86.8,39.8,91.9,33.1,24.4,5.5
1884,11.8,1053.6,3.7,4.2,9.5,11.4,17.3,16.9,22.2,21.5,16.9,10.8,5.1,2.5,5.1,8.6,27.2,169.2,121.4,180.3,185.5,54.3,224.3,22.9,4.3,50.5
1885,11.1,1829.8,-0.8,3.1,8.0,11.3,14.4,20.7,22.2,20.3,16.8,9.6,6.9,0.6,143.9,153.8,47.1,355.7,75.5,51.0,85.3,226.2,164.9,385.0,129.8,11.6
1886,11.1,1698.8,0.1,1.5,6.7,12.1,15.4,18.3,21.8,19.7,17.9,11.9,5.5,2.3,71.1,21.6,14.2,187.5,314.2,54.3,98.7,120.6,38.3,315.0,369.6,93.7
1887,10.9,1094.5,-0.2,1.4,7.5,10.2,13.5,20.7,22.6,21.4,17.2,9.0,6.0,1.8,57.7,6.0,21.2,231.9,141.1,133.4,73.3,52.3,88.7,62.5,196.5,29.9
1888,10.8,1491.0,1.2,2.2,4.2,9.5,16.9,19.1,19.7,19.4,17.6,10.3,5.8,3.8,0.8,268.0,149.4,181.9,50.2,119.8,109.6,157.6,52.1,56.9,178.0,166.7
1889,10.0,1644.0,1.2,2.5,6.2,9.6,14.1,18.0,20.2,19.9,14.4,8.3,5.0,0.7,66.5,28.0,75.8,199.9,299.0,214.9,88.3,38.2,22.9,535.2,17.1,58.2
1890,10.8,1616.7,4.0,2.0,6.3,10.5,14.9,19.4,19.8,20.2,15.9,11.2,5.8,-0.6,202.2,14.0,209.1,236.3,261.1,60.0,87.3,190.4,210.5,4.7,20.9,120.2
1891,10.7,1455.9,-0.9,3.0,5.5,9.9,13.8,18.5,20.9,19.0,17.4,12.8,5.2,3.7,6.2,0.0,195.6,60.3,305.3,96.7,100.0,112.2,60.0,349.2,125.4,45.0
1892,11.7,1278.8,2.5,4.5,6.0,12.6,16.5,20.4,21.8,21.4,18.1,9.8,4.9,2.2,37.1,250.4,174.7,43.7,28.7,55.6,67.4,134.4,58.0,345.6,81.7,1.5
1893,11.9,694.8,-0.7,4.0,9.8,13.4,15.3,19.6,20.7,22.1,16.8,12.7,5.7,3.5,18.3,47.3,8.3,8.2,62.7,87.6,129.8,4.4,157.6,83.5,37.3,49.8
1894,12.1,930.6,1.0,4.3,8.8,13.5,14.9,19.6,22.1,20.8,16.4,12.1,8.2,3.2,59.4,0.0,45.5,152.3,208.0,39.2,120.4,48.4,50.2,85.8,119.1,2.3
1895,11.5,1247.1,0.2,-0.7,6.2,12.0,14.2,18.7,22.6,21.4,20.9,12.1,7.4,3.4,171.3,16.1,125.6,82.6,89.9,166.9,46.7,32.3,32.8,162.7,176.2,144.0
1896,11.5,1936.5,2.2,5.8,10.8,11.6,15.2,18.8,22.2,18.0,16.4,9.2,5.3,2.4,2.0,25.0,24.8,18.8,120.7,308.5,155.3,239.9,148.7,508.4,205.1,179.3
1897,12.5,1269.4,2.6,6.6,10.0,11.9,15.0,21.9,23.3,20.6,16.5,12.1,6.3,2.7,240.8,20.3,97.2,129.8,45.9,41.9,32.2,185.8,297.4,88.4,18.0,71.7
1898,13.0,1880.7,3.9,5.6,6.4,11.5,14.9,19.0,22.0,23.0,21.2,13.4,9.0,5.6,157.1,97.7,334.0,236.6,292.6,156.0,15.7,71.9,21.1,241.3,256.7,0.0
1899,12.9,817.0,5.9,6.2,8.7,11.8,16.1,19.7,22.0,22.4,18.6,12.8,8.0,2.3,81.2,13.8,27.1,116.2,146.2,172.4,34.9,69.7,47.0,44.6,17.2,46.7
1900,12.8,1843.7,4.6,5.8,6.2,12.3,15.7,20.6,23.1,19.8,19.2,14.2,6.8,5.3,95.2,166.7,187.0,18.9,218.0,46.7,215.7,334.2,59.6,55.8,428.4,17.5
1901,11.5,1799.2,2.4,0.1,5.5,11.8,16.1,21.4,21.3,21.4,17.7,11.8,6.0,2.9,10.5,27.6,341.4,194.1,75.3,153.8,166.3,38.7,258.4,302.1,18.9,212.1
1902,12.0,1278.2,3.4,4.0,8.4,14.1,13.7,18.6,22.5,20.7,17.1,11.3,5.7,4.9,63.6,133.6,137.7,65.8,83.4,106.0,48.8,188.6,127.6,181.1,88.4,53.6
1903,11.9,1730.3,0.8,5.8,9.6,9.8,14.8,17.8,20.8,21.5,17.9,12.8,8.0,2.7,73.4,19.6,114.9,187.3,350.5,174.0,118.4,82.6,63.7,257.3,85.2,203.4
1904,12.4,1088.3,2.9,4.7,7.2,13.0,17.6,20.6,23.2,22.2,16.1,12.7,6.2,3.0,18.7,211.5,229.5,135.2,71.4,82.0,87.7,63.3,64.9,78.8,18.1,27.2
1905,10.8,1730.5,1.1,2.7,7.4,11.5,13.3,18.0,22.6,19.7,16.9,8.3,5.2,2.9,34.7,60.5,77.6,198.2,369.1,85.8,66.0,189.7,326.7,16.4,300.8,5.0
1906,11.5,1210.1,1.7,3.2,7.7,10.2,15.2,19.6,20.8,21.3,16.6,13.0,6.6,1.7,17.3,36.0,73.7,207.4,61.1,23.2,163.4,26.1,40.4,172.7,378.8,10.0
1907,11.4,1857.7,0.9,2.4,7.4,10.7,15.3,19.5,19.3,20.8,17.9,12.3,7.0,3.2,18.1,11.3,4.9,85.1,93.2,174.9,241.8,99.0,173.8,770.7,72.2,112.7
1908,11.3,1274.2,2.2,5.4,5.5,9.4,16.6,19.5,20.0,19.7,16.4,12.6,5.8,2.4,4.1,8.4,124.0,160.8,240.6,162.2,210.4,113.7,69.8,147.1,16.4,16.7
1909,10.7,1301.6,0.8,1.4,4.5,13.4,15.1,16.7,19.7,19.5,16.2,12.5,5.6,2.4,0.5,117.4,121.0,44.0,101.0,196.4,78.7,191.7,114.0,208.8,41.3,86.8
1910,11.0,1797.8,3.0,3.9,7.7,9.4,13.5,18.3,18.7,19.4,16.3,12.6,5.0,4.5,42.1,65.0,169.8,275.9,140.5,97.5,41.0,118.2,84.8,321.6,75.3,366.1
1911,12.2,1233.2,2.0,3.7,7.2,11.5,15.4,18.0,22.8,23.2,19.2,11.3,7.6,4.2,7.1,25.8,176.4,68.9,123.8,122.0,54.1,40.6,72.5,242.4,254.8,44.8
1912,11.0,1146.1,3.9,5.7,9.7,10.9,16.4,18.3,20.2,17.3,13.6,10.8,4.0,1.1,107.6,142.2,107.0,86.2,88.2,150.3,47.1,152.0,10.0,142.0,30.5,83.0
1913,11.9,1439.1,2.2,3.9,8.0,10.9,15.3,20.1,20.4,20.3,16.2,12.3,8.6,4.0,9.0,1.0,194.8,225.8,171.0,57.6,38.4,133.6,145.1,377.4,76.2,9.2
1914,11.5,1752.2,0.9,4.8,8.7,13.9,14.5,17.6,19.7,20.2,17.6,11.2,6.3,2.9,10.7,166.6,92.4,23.1,305.3,139.8,217.1,134.4,36.2,421.7,46.9,158.0
1915,11.4,1271.6,1.6,1.7,7.8,11.2,16.9,20.4,20.5,20.5,15.6,11.1,5.6,4.5,88.4,142.0,21.5,82.6,150.7,111.5,167.0,72.8,227.1,71.5,26.3,110.2
1916,11.6,1977.1,4.6,4.1,6.3,12.3,16.4,17.3,20.7,21.0,15.6,12.1,7.0,2.2,0.3,187.4,434.3,85.2,213.5,150.0,179.7,68.1,105.0,98.7,182.6,272.3
1917,11.1,1472.0,1.2,1.1,5.8,9.8,16.6,20.3,21.0,19.8,19.1,10.4,6.7,1.9,48.7,8.5,104.8,117.0,363.4,87.5,307.7,126.1,32.9,187.8,0.0,87.6
1918,11.7,1975.2,1.6,5.6,6.6,9.6,17.0,17.5,21.4,21.3,18.3,11.3,6.3,3.7,52.8,1.6,187.6,464.5,170.3,295.3,69.0,43.5,238.3,314.8,86.5,51.0
1919,11.8,1190.2,1.6,2.4,7.9,11.6,17.1,21.6,19.5,23.1,19.0,10.3,4.3,3.7,251.2,27.2,60.1,74.6,5.4,29.2,68.7,14.6,187.6,234.2,192.4,45.0
1920,12.7,2015.3,5.2,6.8,9.6,12.1,18.7,19.5,21.2,20.2,17.7,12.3,5.4,3.5,231.7,10.2,313.6,257.7,83.6,110.0,166.7,59.1,419.9,139.4,188.3,35.1
1921,13.0,1121.4,6.3,4.7,10.0,11.3,16.9,21.0,23.2,20.6,18.5,15.3,6.0,2.5,25.4,57.3,54.7,156.5,70.2,83.8,46.0,565.2,51.7,0.8,6.8,3.0
1922,11.5,1497.2,1.4,3.9,8.5,10.6,17.6,19.9,20.3,20.9,15.6,11.1,5.9,2.5,74.0,28.3,246.0,123.9,35.2,119.6,85.9,172.2,222.7,82.8,9.1,297.5
1923,12.3,1254.6,2.0,5.3,9.3,11.0,15.6,17.3,22.8,22.5,16.6,14.0,8.0,3.5,0.0,2.5,13.9,214.2,394.9,24.1,24.0,61.4,114.1,132.9,204.1,68.5
1924,11.8,1523.4,1.1,4.0,7.6,12.8,17.2,19.9,21.4,18.1,16.8,12.2,6.9,4.2,72.0,35.1,54.6,58.0,200.1,81.9,117.3,230.8,229.1,291.6,43.7,109.2
1925,11.8,1651.6,4.0,4.5,6.0,11.9,15.3,20.8,20.4,20.1,15.4,13.2,7.6,1.9,0.5,351.3,178.8,113.7,226.9,12.9,268.0,168.0,87.5,89.4,54.6,100.0
1926,12.4,2208.9,1.5,6.1,9.4,12.6,14.2,17.6,20.7,21.0,19.9,12.2,8.5,4.5,65.7,203.4,43.8,199.1,425.7,109.2,169.3,62.6,45.1,219.2,610.1,55.7
1927,12.0,1459.1,3.5,3.5,7.9,13.5,16.6,18.2,20.5,20.2,16.7,12.5,7.6,3.4,55.0,23.0,92.5,33.0,35.0,201.3,262.1,191.7,167.0,37.4,214.9,146.2
1928,12.5,1954.3,3.6,7.0,7.2,11.6,14.3,19.6,25.0,22.6,17.7,11.3,7.5,2.3,31.1,5.6,177.0,430.5,133.7,95.5,16.9,85.5,77.5,611.1,243.4,46.5
1929,11.9,1252.3,-1.0,-1.2,8.4,10.4,16.8,21.0,22.5,21.0,19.8,13.0,7.1,5.3,22.0,0.0,15.0,273.7,167.9,123.2,124.0,137.6,45.4,254.6,62.9,26.0
1930,12.0,1713.2,2.4,3.3,9.1,11.5,15.0,21.1,20.5,20.5,17.7,11.9,7.8,3.2,94.2,51.6,73.9,297.5,238.6,183.0,170.3,60.8,211.4,31.2,292.6,8.1
1931,11.5,1383.1,2.4,3.4,7.0,11.7,17.1,22.0,20.8,19.1,14.2,11.5,6.9,1.5,17.8,179.0,36.0,28.8,249.8,70.8,197.2,196.8,71.3,79.6,241.0,15.0
1932,11.6,1428.5,3.7,0.6,5.6,9.4,14.5,17.7,19.7,22.2,19.3,11.8,8.2,5.4,34.3,12.0,64.9,198.4,354.0,167.2,184.8,43.6,108.4,48.8,52.5,159.6
1933,11.7,1399.9,1.4,3.8,8.1,13.4,16.3,16.9,22.2,21.9,17.6,13.1,5.1,0.2,54.6,11.2,51.6,35.1,46.0,299.0,30.0,22.2,336.0,140.0,307.0,67.2
1934,12.0,2071.0,1.0,4.6,7.6,12.5,17.8,19.3,22.6,20.0,18.6,11.5,4.7,4.3,20.0,60.0,245.0,415.0,162.0,117.0,72.3,262.8,38.9,19.5,482.0,176.5
1935,11.9,1752.3,1.3,6.2,8.1,11.3,13.4,20.5,22.8,20.0,17.2,13.2,7.1,1.1,2.4,56.4,1.4,45.1,181.0,67.4,58.2,315.4,32.8,316.0,439.0,237.2
1936,11.7,1562.1,3.4,4.3,8.2,11.3,16.2,18.9,20.5,21.1,17.3,9.6,5.6,3.5,125.4,47.7,331.8,199.2,116.2,122.8,159.0,11.2,222.8,36.6,87.0,102.4
1937,12.0,1602.6,2.3,7.0,5.9,12.5,16.6,19.9,22.0,21.2,16.5,12.2,6.1,1.4,25.2,52.8,309.8,123.0,184.8,116.6,74.2,106.6,221.8,272.8,81.0,34.0
1938,11.5,1230.8,1.4,3.9,11.1,10.4,13.1,20.4,20.7,20.5,16.2,12.0,6.8,1.1,16.1,19.4,0.0,23.9,202.1,195.0,145.2,86.6,235.2,105.1,114.1,88.1
1939,11.1,1586.2,1.5,5.6,6.2,11.7,12.7,18.3,20.1,19.7,16.6,11.2,7.9,1.4,129.6,122.6,26.5,310.8,255.3,138.4,120.2,202.4,36.1,95.6,79.7,69.0
1940,11.0,1273.6,-0.6,3.4,7.8,11.6,15.8,17.9,19.9,20.9,18.0,11.3,6.9,-0.9,0.2,7.0,64.3,158.8,188.8,239.0,134.0,30.3,44.0,310.0,87.4,9.8
1941,10.7,1665.3,-0.1,2.3,7.1,10.0,13.1,19.2,21.6,19.6,16.8,11.2,5.3,2.0,145.3,61.6,139.8,318.7,268.8,151.9,96.0,71.4,107.2,118.2,183.8,2.6
1942,11.5,1203.9,-1.4,1.9,8.9,11.9,15.3,19.8,21.5,20.9,18.5,13.9,5.2,2.2,5.4,34.4,55.2,47.1,53.8,87.0,108.6,90.2,286.0,293.4,35.4,107.4
1943,13.0,709.2,1.6,6.2,9.6,14.3,17.0,19.9,21.8,24.4,18.4,13.4,5.3,4.0,3.6,5.2,46.8,58.6,118.0,29.2,83.8,47.2,146.2,71.6,42.0,57.0
1944,11.4,1170.0,2.6,3.3,7.0,12.6,15.6,19.0,20.6,22.4,16.8,10.7,4.9,1.6,0.0,9.0,36.0,90.0,52.0,24.0,241.0,72.0,78.0,489.0,49.0,30.0
1945,12.8,1453.0,-1.5,4.4,11.4,14.8,17.4,21.9,24.9,20.7,18.2,12.6,5.7,3.4,54.0,3.0,86.0,17.0,239.0,45.0,17.0,249.0,121.0,229.0,194.0,199.0
1946,11.5,1253.4,0.7,6.5,7.9,14.1,14.7,17.9,22.4,19.8,17.8,11.1,5.0,0.3,209.0,21.0,255.0,105.0,200.3,144.2,62.6,133.1,51.9,40.3,22.5,8.5
1947,12.5,1373.8,-1.5,1.9,7.8,15.4,17.6,21.3,23.1,22.6,19.3,12.5,7.4,2.6,7.2,42.4,188.0,77.0,245.2,103.1,84.0,54.2,282.4,123.6,69.4,97.3
1948,12.6,1372.6,3.5,5.4,12.5,12.2,16.2,19.6,20.4,20.6,17.8,13.1,7.1,2.5,120.6,12.3,1.4,323.9,208.1,115.7,75.8,99.1,274.2,121.8,4.5,15.2
1949,12.8,1003.8,3.8,5.2,6.8,14.6,13.8,19.8,22.8,22.6,19.4,14.4,6.7,3.1,2.0,0.0,15.0,137.0,394.0,48.2,20.6,56.0,80.0,28.0,192.9,30.1
1950,12.5,1159.0,1.7,4.9,10.6,11.1,16.9,21.5,24.2,21.4,16.9,12.8,5.8,1.9,18.0,110.6,16.8,133.2,200.6,68.6,54.8,112.0,150.6,0.8,153.0,140.0
1951,11.8,2508.8,3.4,4.0,7.2,12.4,14.6,19.3,21.4,20.1,18.4,10.9,7.5,2.9,169.5,340.8,132.0,171.8,289.6,217.3,62.7,263.6,33.7,221.9,596.1,9.8
1952,11.8,881.9,1.2,4.0,8.4,13.2,16.7,21.0,23.9,21.1,14.9,10.7,4.9,2.1,9.2,0.0,28.7,188.7,98.5,65.1,74.8,104.2,75.5,82.2,126.3,28.7
1953,12.1,1220.7,0.6,3.2,8.8,12.2,17.9,17.5,21.4,20.9,18.1,12.9,5.5,5.1,9.0,16.7,0.0,148.9,14.4,261.6,67.6,28.7,250.7,394.1,9.1,19.9
1954,11.3,1247.6,1.3,1.6,7.6,11.1,15.3,19.3,20.3,18.5,17.8,11.9,6.7,4.6,41.9,82.0,115.9,109.6,83.0,176.7,91.9,154.7,35.2,29.0,104.4,223.3
1955,12.0,837.2,4.0,4.0,6.7,13.1,15.8,19.2,21.4,19.7,17.8,11.9,5.7,4.2,87.4,110.5,44.0,2.5,40.5,164.8,104.3,37.0,17.6,172.9,23.7,32.0
1956,10.6,1569.7,2.7,-2.2,6.3,10.2,17.1,18.3,20.3,19.7,16.8,10.8,5.3,2.2,27.0,22.5,364.5,229.0,133.5,95.8,207.2,148.3,237.1,59.3,41.0,4.5
1957,11.6,1614.2,1.6,5.0,9.2,12.2,13.8,18.2,21.5,20.0,17.1,12.6,7.2,1.2,64.5,81.5,131.0,95.0,153.5,370.5,82.3,76.9,4.0,24.0,270.0,261.0
1958,12.0,1456.0,1.2,5.3,6.0,9.7,17.5,19.7,21.9,20.9,18.7,12.3,8.0,2.2,6.0,50.0,9.5,191.7,158.0,54.5,75.4,342.5,33.0,190.0,129.9,215.5
1959,12.5,1552.9,2.8,5.7,10.1,12.1,16.6,20.6,22.7,20.8,18.0,11.4,5.8,2.8,12.0,21.0,159.0,224.0,104.0,102.2,73.1,98.4,19.5,196.7,247.0,296.0
1960,11.4,2104.5,1.8,2.5,8.2,13.2,16.6,20.0,19.5,20.0,15.8,10.4,6.5,2.4,107.0,84.0,108.0,32.0,203.0,179.0,92.5,130.0,302.0,534.0,173.0,160.0
1961,12.6,1116.8,0.2,6.2,11.3,14.1,15.4,19.7,20.6,21.6,20.6,12.8,6.1,3.1,41.4,45.8,4.0,165.4,45.0,120.2,86.4,75.4,17.4,232.8,268.6,14.4
1962,11.7,971.8,3.2,4.2,5.5,11.7,15.0,18.8,21.5,22.9,17.8,12.9,5.3,1.1,23.2,3.4,44.0,209.4,74.4,72.6,35.2,13.8,66.6,48.6,366.4,14.2
1963,11.2,1670.0,-1.1,1.2,7.1,11.5,16.1,18.6,22.2,19.9,17.5,12.1,7.7,1.2,71.5,31.0,132.0,246.5,89.0,201.0,138.5,128.0,153.5,99.0,351.5,28.5
1964,12.3,1092.5,0.4,4.5,7.5,12.5,17.6,20.2,22.9,21.0,18.1,11.6,8.1,3.2,46.5,50.5,115.0,321.5,78.5,158.0,52.5,64.5,10.5,60.5,86.5,48.0
1965,11.4,1130.0,3.0,2.8,7.8,12.3,16.1,19.6,19.9,20.0,14.3,11.8,6.4,3.1,54.0,1.0,49.5,1.5,151.0,69.0,94.5,223.5,352.5,69.5,49.5,14.5
1966,12.1,1509.0,0.9,5.9,8.8,13.0,16.9,20.1,20.1,19.3,18.8,13.7,4.5,3.4,4.0,251.0,0.0,182.5,65.0,52.5,149.5,82.0,28.0,448.0,218.0,28.5
1967,12.1,1004.6,2.2,4.1,10.0,11.3,15.5,19.2,23.1,20.5,16.8,13.1,7.0,2.7,2.5,80.5,69.5,75.1,228.0,13.0,78.5,98.0,115.0,53.5,179.5,11.5
1968,11.7,1578.0,2.3,4.2,8.8,12.5,14.7,18.5,21.3,18.6,16.6,13.2,6.6,2.5,12.5,125.5,64.0,124.0,238.0,120.5,70.0,117.5,97.5,43.5,516.5,48.5
1969,11.4,1167.5,1.2,1.4,7.5,11.3,16.3,18.1,21.9,20.5,17.5,13.3,6.3,1.0,81.0,50.5,71.0,90.5,276.5,239.0,63.0,61.0,112.5,0.5,96.5,25.5
1970,11.5,1161.0,1.2,3.5,6.9,10.6,14.7,20.0,21.5,21.5,18.9,11.5,6.4,1.3,132.0,51.5,44.0,109.0,118.0,128.5,13.5,109.5,117.5,154.0,116.5,67.0
1971,11.6,1360.0,0.4,5.0,4.8,13.1,15.3,17.9,22.6,21.8,16.9,12.4,5.4,3.7,105.1,52.1,269.8,119.2,253.2,119.9,24.0,143.5,11.0,8.0,221.5,32.7
1972,11.4,1577.3,2.0,4.6,8.8,12.1,15.2,18.3,22.5,20.0,14.0,11.0,6.8,2.0,103.5,341.5,168.7,150.9,66.4,238.4,40.5,122.1,159.5,86.0,15.4,84.4
1973,11.4,1254.0,1.8,4.5,6.3,9.2,15.1,18.9,20.0,21.4,17.6,11.9,7.1,2.6,34.0,0.0,6.0,95.0,108.0,206.0,211.0,114.0,120.0,91.0,11.0,258.0
1974,11.5,1175.0,4.0,3.2,8.2,11.0,14.7,18.0,21.9,21.1,15.5,7.8,6.5,5.6,34.0,303.0,175.0,107.0,54.0,102.0,25.0,175.0,52.0,39.0,109.0,0.0
1975,11.1,1953.0,3.6,5.0,6.4,11.5,12.9,18.0,20.8,20.4,17.0,10.1,4.7,3.3,141.0,33.0,238.0,126.0,284.0,107.0,105.0,78.0,401.0,112.0,302.0,26.0
1976,11.6,1607.0,3.8,5.3,7.2,11.3,17.1,21.2,22.6,18.7,14.7,10.8,4.6,1.8,0.0,52.0,11.0,145.0,22.0,13.0,74.0,148.0,194.0,620.0,298.0,30.0
1977,11.4,2252.0,0.9,4.2,8.4,12.0,14.5,19.5,21.6,20.1,16.5,11.9,5.6,1.4,130.0,96.0,240.0,260.0,406.0,80.0,226.0,220.0,16.0,440.0,33.0,105.0
1978,11.2,1457.0,1.3,1.5,7.5,10.8,14.6,20.2,21.6,20.8,17.2,11.8,5.3,1.9,206.0,160.0,65.0,148.0,180.0,120.0,75.0,308.0,5.0,93.0,3.0,94.0
1979,11.8,1366.0,-0.1,4.1,7.5,10.7,15.7,20.9,22.8,21.3,16.6,12.8,5.6,3.4,40.0,80.0,251.0,34.0,55.0,80.0,47.0,93.0,40.0,500.0,56.0,90.0
1980,11.9,879.0,0.9,5.8,7.4,12.1,15.5,19.8,20.4,23.1,19.9,11.8,5.0,1.3,50.0,12.0,160.0,1.0,160.0,142.0,66.0,92.0,16.0,170.0,10.0,0.0
1981,11.6,1789.0,1.0,2.2,8.1,12.9,14.9,21.5,20.9,21.6,17.3,12.0,5.2,1.7,6.0,0.0,326.0,138.0,278.0,142.0,160.0,22.0,492.0,103.0,0.0,122.0
1982,11.5,1472.0,1.6,3.1,6.0,11.2,15.8,20.6,23.2,19.9,18.0,9.7,6.1,2.8,30.0,42.0,71.0,16.0,102.0,82.0,152.0,223.0,306.0,192.0,205.0,51.0
1983,12.0,1164.0,4.5,1.4,8.5,10.5,13.4,20.4,24.7,21.8,17.7,13.0,5.9,2.2,3.0,36.0,109.0,200.0,500.0,60.0,5.0,60.0,60.0,35.0,24.0,72.0
1984,11.2,1401.0,1.7,2.6,6.6,11.6,11.3,19.4,23.5,20.5,15.1,11.9,6.9,3.7,13.0,78.0,112.0,44.0,364.0,136.0,2.0,100.0,160.0,204.0,86.0,102.0
1985,11.6,960.0,-2.1,3.9,5.7,12.6,14.9,18.8,23.7,21.3,18.9,13.5,3.8,4.2,65.0,10.0,239.0,28.0,346.0,60.0,27.0,85.0,28.0,17.0,47.0,8.0
1986,11.7,1295.0,1.5,0.3,7.0,8.8,17.5,20.4,22.4,21.2,17.3,13.9,7.5,3.0,114.0,116.0,36.0,675.0,96.0,46.0,67.0,70.0,28.0,1.0,42.0,4.0
1987,11.5,1496.0,0.6,2.9,5.1,13.1,14.7,18.1,22.4,20.8,19.4,11.4,6.7,3.3,45.0,128.0,17.0,150.0,67.0,121.0,72.2,363.2,30.0,397.0,94.4,11.2
1988,11.6,1371.0,1.8,3.6,6.7,11.7,15.0,18.3,22.0,21.5,17.8,12.9,4.2,4.0,122.0,24.0,85.0,73.0,186.0,83.0,149.0,51.0,32.0,466.0,10.0,90.0
1989,12.2,1053.0,2.7,5.5,11.0,9.2,17.0,19.0,22.4,22.2,17.2,12.6,6.1,2.0,0.0,104.0,27.0,527.0,58.0,40.0,72.0,31.0,21.0,4.0,80.0,89.0
1990,13.0,970.0,1.8,7.4,11.5,11.2,17.8,19.0,23.3,22.9,18.6,14.1,6.8,1.6,37.0,51.0,7.0,107.0,64.0,92.0,51.0,44.0,10.0,246.0,122.0,139.0
1991,12.3,1197.0,2.4,2.5,10.0,11.5,14.9,19.2,24.0,24.2,19.6,11.3,6.2,2.3,54.0,18.0,296.0,81.0,70.0,77.0,18.0,63.0,223.0,223.0,39.0,35.0
1992,12.7,1478.0,2.1,6.6,9.5,11.8,17.5,17.8,22.0,23.7,18.3,11.3,8.6,2.7,56.0,14.0,143.0,83.0,66.0,352.0,55.0,159.0,245.0,229.0,14.0,62.0
1993,12.1,1750.0,3.1,4.7,8.6,11.9,16.4,20.1,20.8,22.0,15.8,11.4,6.1,4.1,2.0,2.0,102.0,228.0,146.0,142.0,104.0,45.0,502.0,404.0,54.0,19.0
1994,12.8,1657.4,3.6,3.8,12.1,11.8,15.7,20.2,24.7,22.7,16.3,11.3,8.3,3.2,243.6,143.0,29.4,110.6,305.2,46.8,110.0,84.0,235.6,84.8,251.0,13.4
1995,12.1,1225.6,1.9,6.3,7.2,12.1,15.9,18.1,23.4,21.2,14.7,14.5,6.9,3.1,38.4,36.0,14.0,300.8,163.1,77.3,49.0,58.4,266.2,56.0,115.8,50.6
1996,11.9,1555.6,2.3,3.2,7.1,13.6,14.8,21.1,21.3,21.0,15.2,12.6,7.0,3.3,220.4,41.0,17.0,18.4,271.8,53.8,107.6,129.2,122.6,150.2,330.2,93.4
1997,13.0,1027.5,2.8,6.2,12.1,12.8,16.3,18.6,21.3,22.8,19.7,13.4,6.2,3.6,77.4,1.4,1.6,12.6,98.0,282.2,59.0,165.8,16.4,12.4,175.0,125.7
1998,12.7,1130.0,3.0,7.0,9.9,10.2,17.2,20.9,23.4,23.2,16.6,12.3,5.3,2.8,39.2,18.0,2.2,309.6,160.8,85.0,44.4,66.0,176.8,211.0,3.0,14.0
1999,12.9,1477.0,2.8,4.1,9.7,13.1,18.3,19.9,23.2,22.0,19.1,13.0,6.6,2.5,145.0,9.0,202.0,155.0,217.0,122.0,81.0,83.0,152.0,166.0,99.0,46.0
2000,13.3,2194.0,2.8,6.4,10.8,12.5,18.3,21.9,21.2,22.6,19.0,13.2,6.4,4.5,1.0,2.0,50.0,389.0,78.0,151.0,91.0,49.0,305.0,601.0,389.0,88.0
2001,11.6,1051.0,1.7,5.5,8.5,10.5,16.9,18.6,21.1,22.1,14.8,14.5,5.1,-0.1,77.4,56.2,147.2,69.8,148.2,114.2,189.0,83.8,52.8,90.6,16.2,5.6
2002,11.8,2013.2,-0.2,4.5,9.5,11.3,14.3,21.2,20.9,20.1,16.7,12.4,7.6,3.9,12.8,159.4,41.4,43.6,475.2,188.0,122.8,156.0,71.2,55.6,570.0,117.2
2003,12.9,867.2,2.5,1.5,9.6,11.7,17.7,24.8,24.4,25.4,17.5,10.6,5.8,3.4,24.6,8.2,0.4,49.4,69.2,37.6,74.0,68.4,52.6,62.6,235.8,184.4
2004,12.2,1311.6,2.2,4.3,7.6,11.3,14.9,21.2,21.8,21.0,18.7,13.2,6.6,3.0,30.0,103.8,41.4,193.0,141.2,12.0,58.4,144.6,35.8,227.6,235.2,88.6
2005,12.0,892.0,2.6,2.6,8.5,11.6,17.1,21.1,22.5,20.1,18.3,12.1,6.1,0.9,2.2,1.2,39.4,146.0,116.6,132.8,47.2,175.0,142.0,54.8,8.6,26.2
2006,12.7,1172.6,0.9,2.5,6.7,12.9,16.7,21.3,25.2,20.1,19.1,14.4,8.0,4.2,54.8,93.4,29.8,83.6,88.2,44.6,80.0,163.0,243.8,92.8,34.0,164.6
2007,13.3,1000.6,5.0,6.7,10.0,16.6,17.1,19.9,22.3,20.8,17.0,13.3,6.8,3.6,54.6,9.4,57.2,42.8,236.2,211.0,52.0,146.2,63.2,14.0,100.2,13.8
2008,12.4,1715.0,3.7,5.5,8.9,11.0,16.5,20.5,21.9,21.6,16.9,13.2,6.7,2.7,128.8,19.4,36.2,137.4,225.0,67.4,72.2,105.6,179.2,108.4,352.0,283.4
2009,12.7,1549.0,1.6,3.8,8.8,12.3,18.6,20.6,22.3,23.5,19.1,12.9,7.1,2.0,35.0,166.8,149.4,381.4,58.2,127.2,79.4,84.4,155.8,47.2,101.8,162.4
2010,11.7,1545.8,0.5,3.3,7.2,12.6,15.3,20.3,24.5,21.0,17.2,11.1,6.6,1.1,40.8,77.8,129.6,56.6,264.2,143.2,80.4,127.6,92.4,149.6,254.0,129.6
2011,13.3,1149.2,2.6,5.1,8.6,15.8,18.6,19.9,20.3,23.2,20.6,13.0,7.2,4.6,25.8,37.2,120.0,32.4,27.4,171.2,245.6,71.4,82.4,52.8,267.2,15.8
2012,12.9,1337.4,3.6,1.9,11.6,10.9,16.7,21.5,22.8,23.5,18.3,13.0,7.8,2.8,36.6,12.2,72.0,181.2,182.6,84.8,128.2,138.2,106.8,77.0,288.4,29.4
2013,12.4,1706.8,3.9,3.3,6.3,11.8,13.9,20.4,23.8,22.6,18.6,13.5,7.2,4.1,13.4,35.6,61.4,317.8,349.6,90.0,130.2,121.0,89.6,114.0,150.2,234.0
