data;max;min
1992-01-01;15.0;-4.0
1992-01-02;15.0;-5.0
1992-01-03;10.0;-4.0
1992-01-04;11.0;-5.0
1992-01-05;10.0;0.0
1992-01-06;15.0;-5.0
1992-01-07;15.0;-5.0
1992-01-08;14.0;-2.0
1992-01-09;10.0;-1.0
1992-01-10;10.0;-1.0
1992-01-11;11.0;-2.0
1992-01-12;10.0;-1.0
1992-01-13;10.0;-1.0
1992-01-14;10.0;-1.0
1992-01-15;11.0;-5.0
1992-01-16;12.0;-6.0
1992-01-17;10.0;-4.0
1992-01-18;10.0;-3.0
1992-01-19;11.0;-4.0
1992-01-20;10.0;-4.0
1992-01-21;10.0;-4.0
1992-01-22;11.0;-5.0
1992-01-23;10.0;-6.0
1992-01-24;9.0;-7.0
1992-01-25;10.0;-3.0
1992-01-26;9.0;-4.0
1992-01-27;11.0;-4.0
1992-01-28;11.0;-4.0
1992-01-29;10.0;-4.0
1992-01-30;10.0;-3.0
1992-01-31;10.0;-2.0
1992-02-01;16.0;4.0
1992-02-02;14.0;2.0
1992-02-03;15.0;1.0
1992-02-04;15.0;1.0
1992-02-05;14.0;2.0
1992-02-06;14.0;3.0
1992-02-07;11.0;3.0
1992-02-08;10.0;0.0
1992-02-09;11.0;0.0
1992-02-10;11.0;0.0
1992-02-11;12.0;0.0
1992-02-12;15.0;2.0
1992-02-13;11.0;3.0
1992-02-14;12.0;6.0
1992-02-15;11.0;5.0
1992-02-16;12.0;2.0
1992-02-17;11.0;2.0
1992-02-18;10.0;0.0
1992-02-19;11.0;1.0
1992-02-20;12.0;2.0
1992-02-21;8.0;-3.0
1992-02-22;10.0;-6.0
1992-02-23;11.0;-6.0
1992-02-24;11.0;-7.0
1992-02-25;10.0;0.0
1992-02-26;10.0;-4.0
1992-02-27;12.0;-5.0
1992-02-28;11.0;-6.0
1992-02-29;15.0;-6.0
1992-03-01;16.0;6.0
1992-03-02;16.0;5.0
1992-03-03;18.0;5.0
1992-03-04;18.0;5.0
1992-03-05;15.0;4.0
1992-03-06;16.0;4.0
1992-03-07;18.0;6.0
1992-03-08;18.0;5.0
1992-03-09;11.0;5.0
1992-03-10;13.0;7.0
1992-03-11;12.0;5.0
1992-03-12;14.0;4.0
1992-03-13;13.0;5.0
1992-03-14;11.0;4.0
1992-03-15;13.0;5.0
1992-03-16;11.0;5.0
1992-03-17;11.0;4.0
1992-03-18;17.0;-2.0
1992-03-19;15.0;0.0
1992-03-20;14.0;3.0
1992-03-21;17.0;-2.0
1992-03-22;12.0;4.0
1992-03-23;11.0;7.0
1992-03-24;10.0;6.0
1992-03-25;11.0;7.0
1992-03-26;11.0;6.0
1992-03-27;10.0;0.0
1992-03-28;10.0;0.0
1992-03-29;10.0;0.0
1992-03-30;11.0;0.0
1992-03-31;11.0;1.0
1992-04-01;17.0;4.0
1992-04-02;16.0;3.0
1992-04-03;15.0;4.0
1992-04-04;15.0;5.0
1992-04-05;16.0;4.0
1992-04-06;18.0;3.0
1992-04-07;16.0;4.0
1992-04-08;10.0;4.0
1992-04-09;11.0;3.0
1992-04-10;10.0;4.0
1992-04-11;10.0;5.0
1992-04-12;11.0;4.0
1992-04-13;12.0;4.0
1992-04-14;13.0;5.0
1992-04-15;11.0;4.0
1992-04-16;12.0;3.0
1992-04-17;12.0;3.0
1992-04-18;18.0;6.0
1992-04-19;23.0;8.0
1992-04-20;24.0;4.0
1992-04-21;25.0;4.0
1992-04-22;25.0;4.0
1992-04-23;23.0;3.0
1992-04-24;20.0;10.0
1992-04-25;22.0;11.0
1992-04-26;25.0;11.0
1992-04-27;24.0;13.0
1992-04-28;25.0;15.0
1992-04-29;25.0;11.0
1992-04-30;23.0;11.0
1992-05-01;24.0;11.0
1992-05-02;25.0;11.0
1992-05-03;26.0;10.0
1992-05-04;25.0;10.0
1992-05-05;25.0;10.0
1992-05-06;25.0;10.0
1992-05-07;24.0;11.0
1992-05-08;24.0;13.0
1992-05-09;26.0;15.0
1992-05-10;26.0;12.0
1992-05-11;26.0;10.0
1992-05-12;26.0;10.0
1992-05-13;25.0;9.0
1992-05-14;24.0;5.0
1992-05-15;23.0;6.0
1992-05-16;25.0;4.0
1992-05-17;25.0;10.0
1992-05-18;30.0;10.0
1992-05-19;30.0;7.0
1992-05-20;24.0;6.0
1992-05-21;25.0;5.0
1992-05-22;25.0;7.0
1992-05-23;25.0;7.0
1992-05-24;25.0;7.0
1992-05-25;27.0;6.0
1992-05-26;25.0;5.0
1992-05-27;28.0;8.0
1992-05-28;29.0;9.0
1992-05-29;30.0;10.0
1992-05-30;30.0;10.0
1992-05-31;30.0;10.0
1992-06-01;30.0;10.0
1992-06-02;25.0;10.0
1992-06-03;25.0;9.0
1992-06-04;24.0;5.0
1992-06-05;22.0;6.0
1992-06-06;20.0;9.0
1992-06-07;26.0;10.0
1992-06-08;27.0;10.0
1992-06-09;26.0;10.0
1992-06-10;25.0;9.0
1992-06-11;25.0;10.0
1992-06-12;24.0;9.0
1992-06-13;23.0;9.0
1992-06-14;25.0;10.0
1992-06-15;25.0;10.0
1992-06-16;25.0;10.0
1992-06-17;24.0;9.0
1992-06-18;23.0;8.0
1992-06-19;25.0;9.0
1992-06-20;28.0;10.0
1992-06-21;28.0;10.0
1992-06-22;30.0;10.0
1992-06-23;28.0;8.0
1992-06-24;28.0;9.0
1992-06-25;28.0;10.0
1992-06-26;29.0;10.0
1992-06-27;28.0;8.0
1992-06-28;28.0;8.0
1992-06-29;28.0;9.0
1992-06-30;29.0;8.0
1992-07-01;25.0;7.0
1992-07-02;28.0;8.0
1992-07-03;27.0;8.0
1992-07-04;28.0;9.0
1992-07-05;28.0;8.0
1992-07-06;28.0;8.0
1992-07-07;27.0;8.0
1992-07-08;28.0;10.0
1992-07-09;25.0;10.0
1992-07-10;24.0;11.0
1992-07-11;23.0;10.0
1992-07-12;24.0;11.0
1992-07-13;24.0;13.0
1992-07-14;25.0;14.0
1992-07-15;28.0;15.0
1992-07-16;28.0;15.0
1992-07-17;25.0;10.0
1992-07-18;26.0;11.0
1992-07-19;27.0;12.0
1992-07-20;27.0;12.0
1992-07-21;27.0;12.0
1992-07-22;28.0;14.0
1992-07-23;30.0;10.0
1992-07-24;30.0;10.0
1992-07-25;31.0;10.0
1992-07-26;32.0;15.0
1992-07-27;32.5;15.0
1992-07-28;32.5;14.0
1992-07-29;33.0;15.0
1992-07-30;35.0;15.0
1992-07-31;33.0;15.0
1992-08-01;34.0;12.0
1992-08-02;35.0;13.0
1992-08-03;34.0;15.0
1992-08-04;35.0;13.0
1992-08-05;34.0;14.0
1992-08-06;34.0;13.0
1992-08-07;35.0;12.0
1992-08-08;35.0;14.0
1992-08-09;34.0;13.0
1992-08-10;33.0;12.0
1992-08-11;34.0;12.0
1992-08-12;34.0;13.0
1992-08-13;35.0;14.0
1992-08-14;33.0;14.0
1992-08-15;32.0;15.0
1992-08-16;33.0;13.0
1992-08-17;34.0;12.0
1992-08-18;34.0;13.0
1992-08-19;30.0;14.0
1992-08-20;29.0;13.0
1992-08-21;30.0;11.0
1992-08-22;33.0;12.0
1992-08-23;34.0;12.0
1992-08-24;35.0;13.0
1992-08-25;35.0;12.0
1992-08-26;35.0;11.0
1992-08-27;35.0;13.0
1992-08-28;34.0;13.0
1992-08-29;35.0;11.0
1992-08-30;34.0;11.0
1992-08-31;35.0;14.0
1992-09-01;35.0;15.0
1992-09-02;33.0;14.0
1992-09-03;32.0;12.0
1992-09-04;30.0;10.0
1992-09-05;29.0;10.0
1992-09-06;26.0;9.0
1992-09-07;25.0;10.0
1992-09-08;27.0;14.0
1992-09-09;27.0;15.0
1992-09-10;27.0;15.0
1992-09-11;28.0;11.0
1992-09-12;29.0;11.0
1992-09-13;28.0;11.0
1992-09-14;29.0;11.0
1992-09-15;25.0;11.0
1992-09-16;25.0;10.0
1992-09-17;24.0;10.0
1992-09-18;24.0;11.0
1992-09-19;23.0;12.0
1992-09-20;22.0;10.0
1992-09-21;25.0;10.0
1992-09-22;20.0;10.0
1992-09-23;23.0;9.0
1992-09-24;22.0;9.0
1992-09-25;23.0;10.0
1992-09-26;22.0;11.0
1992-09-27;20.0;11.0
1992-09-28;19.0;11.0
1992-09-29;18.0;11.0
1992-09-30;20.0;10.0
1992-10-01;20.0;10.0
1992-10-02;22.0;11.0
1992-10-03;20.0;11.0
1992-10-04;19.0;11.0
1992-10-05;18.0;10.0
1992-10-06;19.0;10.0
1992-10-07;19.0;9.0
1992-10-08;18.0;9.0
1992-10-09;19.0;8.0
1992-10-10;18.0;10.0
1992-10-11;19.0;10.0
1992-10-12;20.0;10.0
1992-10-13;20.0;11.0
1992-10-14;20.0;11.0
1992-10-15;20.0;12.0
1992-10-16;19.0;10.0
1992-10-17;17.0;9.0
1992-10-18;16.0;9.5
1992-10-19;16.0;10.0
1992-10-20;18.0;11.0
1992-10-21;20.0;2.0
1992-10-22;19.0;2.0
1992-10-23;16.0;3.0
1992-10-24;16.0;5.0
1992-10-25;16.0;6.0
1992-10-26;15.0;5.0
1992-10-27;15.0;6.0
1992-10-28;14.0;7.0
1992-10-29;14.0;8.0
1992-10-30;16.0;8.0
1992-10-31;16.0;8.0
1992-11-01;16.0;8.0
1992-11-02;16.0;8.0
1992-11-03;16.0;8.0
1992-11-04;16.0;11.0
1992-11-05;17.0;10.0
1992-11-06;17.0;9.0
1992-11-07;20.0;8.0
1992-11-08;20.0;7.0
1992-11-09;20.0;5.0
1992-11-10;20.0;5.0
1992-11-11;20.0;5.0
1992-11-12;16.0;2.0
1992-11-13;15.0;2.0
1992-11-14;18.0;3.0
1992-11-15;18.0;2.0
1992-11-16;18.0;2.0
1992-11-17;18.0;3.0
1992-11-18;17.0;2.0
1992-11-19;16.0;4.0
1992-11-20;17.0;3.0
1992-11-21;18.0;4.0
1992-11-22;18.0;4.0
1992-11-23;16.0;4.0
1992-11-24;17.0;3.0
1992-11-25;18.0;3.0
1992-11-26;18.0;4.0
1992-11-27;18.0;2.0
1992-11-28;18.0;3.0
1992-11-29;17.0;3.0
1992-11-30;18.0;2.0
1992-12-01;16.0;3.0
1992-12-02;15.0;2.0
1992-12-03;16.0;4.0
1992-12-04;18.0;2.0
1992-12-05;17.0;3.0
1992-12-06;16.0;2.0
1992-12-07;15.0;-2.0
1992-12-08;15.0;-2.0
1992-12-09;13.0;-3.0
1992-12-10;11.0;-3.0
1992-12-11;10.0;-4.0
1992-12-12;9.0;-4.0
1992-12-13;9.0;-5.0
1992-12-14;8.0;-5.0
1992-12-15;8.0;-5.0
1992-12-16;9.0;-4.0
1992-12-17;10.0;-5.0
1992-12-18;11.0;-5.0
1992-12-19;10.0;-4.0
1992-12-20;11.0;-4.0
1992-12-21;11.0;-5.0
1992-12-22;11.0;-4.0
1992-12-23;9.0;-4.0
1992-12-24;8.0;-3.0
1992-12-25;9.0;-4.0
1992-12-26;10.0;-5.0
1992-12-27;11.0;-3.0
1992-12-28;11.0;-3.0
1992-12-29;11.0;-3.0
1992-12-30;8.0;-4.0
1992-12-31;9.0;-3.0
